Id,Start time,Completion time,Email,Name,What is your gender?,What is your age?,What is your role in the school?,Select your secondary school of affiliation,How many years of experience do you have in teaching ESOL?,"On a scale of 1 to 5, how effective do you find the ESOL teaching methods used in your school?
1 (Very Ineffective) and 5 (Very Effective)",Which ESOL teaching methods are employed in your school? (Select all that apply),How often do ESOL teachers use English as the primary language in the classroom?,"Rate the impact of technology on ESOL teaching effectiveness in your school on a scale of 1 to 5.
(1 (No Impact) and 5 (Significant Impact))",What do you perceive as the biggest challenge in ESOL teaching at your school?,How would you rate the improvement in students' English proficiency after one year of ESOL classes?,How well do ESOL students perform in other English-taught subjects?,To what extent do the ESOL classes prepare students for higher education or the job market?,What percentage of ESOL students actively participate in classroom activities?,"On a scale of 1 to 5, how well-prepared do you feel to teach ESOL classes? (1 (Not Prepared at All) and 5 (Very Well Prepared))",Which professional development opportunities have you participated in for ESOL teaching? (Select all that apply),How satisfied are you with the support provided by the school administration for ESOL teaching?,Rate the alignment of the ESOL curriculum with students' needs on a scale of 1 to 5. (1 (Poorly Aligned) and 5 (Completely Aligned)),What resources are most frequently used in ESOL classes? (Select all that apply),How accessible are ESOL resources for students?,"In your opinion, what improvements could be made to enhance the effectiveness of ESOL teaching in secondary schools in Pakistan?"
1,45550.88958,45550.89583,anonymous,,Female,30-39 years,ESOL Teacher,Option 1,1-3 years,3,"Communicative Language Teaching (CLT);Technology Integration (e.g., apps, online tools);Collaborative Learning;",Often,4,Language Barriers,Moderate Improvement,Good,Neutral, 51-75%,4,Workshops/Seminars;Online Courses; Peer Collaboration; Mentorship Programs;,Satisfied,4,Textbooks;Online Resources;,Accessible,"In my opinion, institutions' support and availability of resources to engage students in learning English can bring significant improvements in ESOL classrooms in Pakistan at secondary level. "
2,45555.74722,45555.75347,anonymous,, Male,20-29 years,Subject Teacher (non-ESOL),SOAR STEM school, Less than 1 year,4,"Direct Instruction;Communicative Language Teaching (CLT);Technology Integration (e.g., apps, online tools);",Often,4,Large Class Sizes,Moderate Improvement,Good,To Some Extent, 51-75%,3,Workshops/Seminars;,Satisfied,3,Textbooks;Audio-Visual Materials;,Accessible,More interactive workshops for teachers. Activity based learning methods for students to naturally integrate ESOL. 
3,45561.51667,45561.51875,anonymous,, Male,30-39 years,ESOL Teacher,Lahore grammar school,1-3 years,4,"Direct Instruction;Collaborative Learning;Task-based Learning;Communicative Language Teaching (CLT);Technology Integration (e.g., apps, online tools);",Always,4,Language Barriers,Moderate Improvement,Good,To Some Extent, 51-75%,4,Workshops/Seminars;Online Courses; Peer Collaboration; Mentorship Programs;,Very satisfied,4,Textbooks;Online Resources;,Neutral,Frequent Incorporation of audio visual techniques 
4,45561.52639,45561.52986,anonymous,,Female,20-29 years,ESOL Teacher,Lahore grammar school,1-3 years,4,Collaborative Learning;Task-based Learning;Communicative Language Teaching (CLT);,Often,4,Large Class Sizes,Moderate Improvement,Good,To a Great Extent, 51-75%,4,Workshops/Seminars; Peer Collaboration; Mentorship Programs;,Satisfied,3,Textbooks;Audio-Visual Materials;Language Labs;,Accessible,In order to enhance the effectiveness of ESOL motivational tools can be used and by conducting training workshops for teachers. 
5,45561.55833,45561.5625,anonymous,,Female,20-29 years,School Administrator,SOAR STEM school,1-3 years,3,Direct Instruction;,Often,4,Low Student Engagement, Slight Improvement,Good,Neutral,26-50%,4,Workshops/Seminars; Peer Collaboration;,Neutral,4,Textbooks;,Accessible,By giving opportunities to students to explore independently 
6,45561.57222,45561.575,anonymous,,Female,20-29 years,Subject Teacher (non-ESOL),Lahore grammar school, Not Applicable (if not an ESOL teacher),4,"Direct Instruction;Collaborative Learning;Task-based Learning;Communicative Language Teaching (CLT);Technology Integration (e.g., apps, online tools);",Always,4,Large Class Sizes,Moderate Improvement,Good,To Some Extent,26-50%,3,Online Courses; Peer Collaboration; Mentorship Programs;,Neutral,3,Online Resources;Audio-Visual Materials;Textbooks;,Accessible,Giving positive and constructive feedback to students for boosting their morale as encouragement is highly effective tool in enhancing skills of students
7,45561.56597,45561.57569,anonymous,,Female,20-29 years,ESOL Teacher,Lahore grammar school,1-3 years,4,Direct Instruction;Collaborative Learning;Task-based Learning;Communicative Language Teaching (CLT);,Always,4,Large Class Sizes,Significant Improvement,Good,To a Great Extent, 51-75%,5,Workshops/Seminars; Peer Collaboration;,Satisfied,4,Textbooks;Audio-Visual Materials;, Very Accessible,Need to add more direct methods and clt techniques
8,45561.63819,45561.64236,anonymous,,Female,20-29 years,None,Lahore grammar school, Not Applicable (if not an ESOL teacher),4,Task-based Learning;,Often,5,Language Barriers,Moderate Improvement,Good,To a Great Extent,26-50%,5, Peer Collaboration;Workshops/Seminars; Mentorship Programs;,Satisfied,5,Online Resources;,Accessible,?
9,45561.89444,45561.89653,anonymous,,Female,30-39 years,ESOL Teacher,Lahore grammar school,4-6 years,5,Collaborative Learning;,Always,4,Lack of Resources,Moderate Improvement,Good,To Some Extent,26-50%,4,Online Courses;,Satisfied,4,Online Resources;, Very Accessible,Skill programs
10,45561.89792,45561.89861,anonymous,,Female,20-29 years,School Administrator,SOAR STEM school,4-6 years,4,Collaborative Learning;,Always,4,Lack of Resources,Moderate Improvement,Excellent,To a Great Extent, 0-25%,4,Workshops/Seminars;,Very satisfied,4,Textbooks;, Very Accessible,Skill programs
11,45561.90069,45561.90347,anonymous,,Female,30-39 years,Parent,SOAR STEM school, Not Applicable (if not an ESOL teacher),3,Task-based Learning;,Always,4,Language Barriers,Moderate Improvement,Good,To Some Extent, 51-75%,4,Online Courses;,Satisfied,4,Audio-Visual Materials;,Accessible,Dont know..font care
12,45562.14792,45562.15208,anonymous,,Female,30-39 years,Subject Teacher (non-ESOL),Lahore grammar school, Not Applicable (if not an ESOL teacher),4,Task-based Learning;Communicative Language Teaching (CLT);,Often,4,Insufficient Training, Slight Improvement,Good,To Some Extent,26-50%,4, Mentorship Programs;,Neutral,3,Textbooks;,Neutral,Implement both audio-visual materials and teachers should engage teaching in English language 
13,45562.74653,45562.74792,anonymous,,Female,20-29 years,Subject Teacher (non-ESOL),Lahore grammar school,1-3 years,4,"Direct Instruction;Collaborative Learning;Task-based Learning;Communicative Language Teaching (CLT);Technology Integration (e.g., apps, online tools);",Always,4,Lack of Resources,Moderate Improvement,Good,To Some Extent, 51-75%,4,Workshops/Seminars;,Neutral,4,Textbooks;Online Resources;Audio-Visual Materials;,Accessible,Better resources according to the increasing needs. 
14,45562.75,45562.75208,anonymous,,Female,20-29 years,Subject Teacher (non-ESOL),Lahore grammar school,1-3 years,4,"Technology Integration (e.g., apps, online tools);",Always,5,Large Class Sizes,Significant Improvement,Good,To Some Extent, 51-75%,4, Peer Collaboration;,Neutral,4,Online Resources;Textbooks;,Accessible,Providing smart boards in classes
15,45562.76875,45562.77014,anonymous,,Female,20-29 years,ESOL Teacher,Lahore grammar school,1-3 years,3,Task-based Learning;,Often,4,Lack of Resources, Slight Improvement,Average,To Some Extent,76-100%,2,Workshops/Seminars;,Satisfied,3,Audio-Visual Materials;,Neutral,Do better 
16,45563.90069,45563.90556,anonymous,,Female,20-29 years,ESOL Teacher,Lahore grammar school,4-6 years,4,Task-based Learning;,Always,4,Lack of Resources,Significant Improvement,Good,To Some Extent, 51-75%,5,Workshops/Seminars;,Satisfied,4,Online Resources;,Neutral,"To enhance ESOL teaching in Pakistani schools, focus on teacher training, updated curriculum, interactive classrooms, technology integration, language clubs, and collaboration with local universities. Regular evaluation and support for teachers' language development will also boost student language skills."
17,45563.90069,45563.90556,anonymous,,Female,20-29 years,Subject Teacher (non-ESOL),Lahore grammar school, Not Applicable (if not an ESOL teacher),3,Task-based Learning;,Often,3,Low Student Engagement, Slight Improvement,Good,To Some Extent, 0-25%,3,Workshops/Seminars;Online Courses;,Satisfied,2,Textbooks;Online Resources;,Very Inaccessible,"In my opinion, to improve ESOL teaching in pakistan we need to develop the students' intrest first and try to engage students by doing interesting activities instead of boring things which are commonly held in different schools."
18,45563.90556,45563.90972,anonymous,,Female,20-29 years,Subject Teacher (non-ESOL),Lahore grammar school,1-3 years,5,Communicative Language Teaching (CLT);,Always,5,Language Barriers,Significant Improvement,Good,To Some Extent, 51-75%,3,Workshops/Seminars;,Satisfied,3,Online Resources;,Neutral,Skills
19,45563.91944,45563.92847,anonymous,,Female,30-39 years,Subject Teacher (non-ESOL),Lahore grammar school,1-3 years,5,"Technology Integration (e.g., apps, online tools);",Often,5,Large Class Sizes,Moderate Improvement,Excellent,To a Great Extent, 51-75%,5,Workshops/Seminars;,Very satisfied,5,Audio-Visual Materials;, Very Accessible,"Professional development,cultural integration, encouraging language 
"
20,45563.93403,45563.93681,anonymous,,Female,30-39 years,Subject Teacher (non-ESOL),Lahore grammar school,1-3 years,5,Task-based Learning;Collaborative Learning;Direct Instruction;,Often,5,Large Class Sizes,Moderate Improvement,Good,Neutral,76-100%,5,Workshops/Seminars;,Very satisfied,5,Audio-Visual Materials;Textbooks;Online Resources;, Very Accessible,"1 Emotionally understand the students
2 Friendly enviourment in classrooms "
21,45563.98542,45563.99375,anonymous,,Female,30-39 years,Co teacher ,Lahore grammar school,1-3 years,4,Direct Instruction;,Sometimes,5,Insufficient Training,Moderate Improvement,Excellent,To a Great Extent,76-100%,5,Workshops/Seminars;Online Courses;,Satisfied,5,Textbooks;, Very Accessible,"
1. Regular workshops and professional development for ESOL teachers
2. Mentorship programs for new teachers
3. Collaboration with native English speakers or experienced ESOL instr

2. Communicative language teaching (CLT) approach
3. Task-based learning and project-based instruction
4. Technology integration (e.g., language learning apps, online resources)
5. Differentiated instruction for diverse learner

6. Parent-teacher conferences and workshops
7. Invite native English speakers for guest lectures
8. Encourage students to use English outside the classroom

9. Addressing regional language and cultural differences
10. Managing large class sizes and limited resources
11. Overcoming societal attitudes toward English language learning

"
22,45564.04792,45564.05347,anonymous,,Female,20-29 years,Subject Teacher (non-ESOL),SOAR STEM school, Not Applicable (if not an ESOL teacher),4,Task-based Learning;,Often,4,Low Student Engagement, Slight Improvement,Average,To Some Extent,26-50%,3,Workshops/Seminars;,Neutral,3,Online Resources;Textbooks;,Neutral,Availability of resources frequently and training of teachers too
23,45564.27778,45564.27986,anonymous,,Female,30-39 years,Subject Teacher (non-ESOL),Lahore grammar school,4-6 years,3,Collaborative Learning;,Often,3,Lack of Resources,Moderate Improvement,Good,To Some Extent, 51-75%,3,Workshops/Seminars;,Satisfied,3,Textbooks;,Accessible,"




Self-Assessments: Encourage students to assess their own learning through rubrics or reflection sheets.



"
24,45564.28472,45564.28958,anonymous,,Female,Under 20 years,Subject Teacher (non-ESOL),Lahore grammar school,1-3 years,5,Collaborative Learning;,Always,5,Low Student Engagement,Significant Improvement,Excellent,To a Great Extent, 51-75%,5,Workshops/Seminars;,Very satisfied,5,Online Resources;, Very Accessible,"To improve ESOL teaching in secondary schools in Pakistan:
1. Train teachers better.
2. Develop a good curriculum.
3. Provide quality resources.
4. Offer extra language support.
5. Get parents and the community involved.
6. Use assessments and feedback effectively."
25,45564.42847,45564.43194,anonymous,,Female,30-39 years,Subject Teacher (non-ESOL),Lahore grammar school,1-3 years,4,Direct Instruction;,Always,5,Language Barriers,Significant Improvement,Good,To a Great Extent,76-100%,5,Workshops/Seminars;,Very satisfied,2,Textbooks;,Accessible,Always make yourself in improvement 
26,45564.44653,45564.45833,anonymous,,Female,40-49 years,Subject Teacher (non-ESOL),Lahore grammar school,1-3 years,5,Communicative Language Teaching (CLT);,Always,5,Language Barriers,Significant Improvement,Good,To a Great Extent,76-100%,4,Workshops/Seminars;Online Courses; Peer Collaboration;,Very satisfied,5,Language Labs;Audio-Visual Materials;Online Resources;Textbooks;, Very Accessible,In pakistan teachers need better training in modern methods that focus on speaking skill moreover curriculum should use all  english skills n more chances to use english as medium of speaking on smaller scale
27,45564.58194,45564.58333,anonymous,,Female,20-29 years,Subject Teacher (non-ESOL),Lahore grammar school,7-10 years,5,Collaborative Learning;,Always,5,Insufficient Training,Significant Improvement,Good,Neutral, 51-75%,5,Workshops/Seminars;,Satisfied,5,Online Resources;,Accessible,Training sessions Nd seminars 
28,45564.83264,45564.83403,anonymous,,Female,20-29 years,Subject Teacher (non-ESOL),Lahore grammar school,1-3 years,3,Collaborative Learning;,Always,2,Language Barriers,Significant Improvement,Excellent,To Some Extent,26-50%,3,Online Courses;,Satisfied,4,Online Resources;,Accessible,"Spoken
"
